question_id,human_winner,confidence,notes
1,A,medium,Auto-init; please manually validate.
9,B,medium,Auto-init; please manually validate.
10,tie,medium,Auto-init; please manually validate.
13,tie,medium,Auto-init; please manually validate.
16,tie,medium,Auto-init; please manually validate.
18,tie,medium,Auto-init; please manually validate.
24,B,medium,Auto-init; please manually validate.
25,tie,medium,Auto-init; please manually validate.
28,tie,medium,Auto-init; please manually validate.
29,tie,medium,Auto-init; please manually validate.
